{
    "날짜": [
        "2021-01",
        "2021-02",
        "2021-03",
        "2021-04",
        "2021-05",
        "2021-06",
        "2021-07",
        "2021-08",
        "2021-09",
        "2021-10",
        "2021-11",
        "2021-12",
        "2022-01",
        "2022-02",
        "2022-03",
        "2022-04",
        "2022-05",
        "2022-06",
        "2022-07",
        "2022-08",
        "2022-09",
        "2022-10",
        "2022-11",
        "2022-12",
        "2023-01",
        "2023-02",
        "2023-03",
        "2023-04",
        "2023-05",
        "2023-06",
        "2023-07",
        "2023-08",
        "2023-09",
        "2023-10",
        "2023-11",
        "2023-12",
        "2024-01",
        "2024-02",
        "2024-03",
        "2024-04",
        "2024-05",
        "2024-06",
        "2024-07",
        "2024-08",
        "2024-09"
    ],
    "매출 성장률": [
        8.745401188473625,
        14.50714306409916,
        12.31993941811405,
        10.986584841970366,
        6.560186404424365,
        6.559945203362027,
        5.580836121681995,
        13.661761457749352,
        11.011150117432088,
        12.080725777960454,
        5.2058449429580245,
        14.699098521619943,
        13.324426408004218,
        7.123391106782762,
        6.818249672071007,
        6.834045098534338,
        8.042422429595376,
        10.247564316322379,
        9.319450186421157,
        7.912291401980419,
        11.118528947223794,
        6.394938606520419,
        7.921446485352181,
        8.663618432936918,
        9.56069984217036,
        12.851759613930136,
        6.996737821583597,
        10.142344384136116,
        10.924145688620424,
        5.4645041271999775,
        11.075448519014383,
        6.705241236872915,
        5.650515929852795,
        14.488855372533333,
        14.656320330745594,
        13.08397348116461,
        8.046137691733707,
        5.976721140063839,
        11.842330265121568,
        9.401524937396013,
        6.220382348447789,
        9.951769101112703,
        5.343885211152184,
        14.093204020787821,
        7.587799816000169
    ],
    "자산 성장률": [
        7.637655990477874,
        5.181977532625877,
        6.640476148244676,
        6.826971955402957,
        4.293981188678689,
        9.787092394351909,
        8.425929763527801,
        9.576492590949325,
        9.26379145299354,
        7.185299851677596,
        9.453119645161818,
        3.6194475143634364,
        4.371880036934016,
        3.3165910223737667,
        5.277312315342851,
        5.720741027826374,
        4.899443222417272,
        8.801162564063505,
        5.497273286855124,
        4.966541567811666,
        6.798872582107739,
        3.9864695748233387,
        8.615378865278277,
        3.521854505758396,
        9.908208556203622,
        8.405713385076602,
        4.391009770739207,
        3.038654819865217,
        8.708229999183839,
        7.94800140693332,
        8.10305017628691,
        8.39889242680162,
        3.5183125621386324,
        5.509260099809908,
        3.811083416675908,
        9.041723981129156,
        7.363086887792905,
        5.316286173968544,
        3.4449084520021653,
        5.176876252009635,
        5.276283254187229,
        8.107243248366448,
        7.462902299486492,
        9.210489198034285,
        6.305504476133645
    ],
    "순이익 성장률": [
        6.793913689074525,
        15.698671808344924,
        16.411775729253463,
        13.419157963542444,
        16.564507699318415,
        12.40693394546586,
        12.840992440729911,
        11.413115275378244,
        5.3812869011614275,
        6.618371404899567,
        5.471437785301013,
        14.546156168956706,
        9.7153397161449,
        12.628560367470541,
        18.613497108891394,
        8.739383437233124,
        11.155743845534445,
        16.33326707814573,
        8.431972482374338,
        6.1546986474318945,
        9.34627179370652,
        7.418319308810066,
        18.945464785138597,
        17.121805693466253,
        14.501056347656352,
        18.071908852815767,
        17.055081153486718,
        7.798550883290538,
        18.388384977349666,
        13.09013362873476,
        17.111602327460936,
        18.4413694988524,
        9.770052124577958,
        6.650778867915151,
        8.419027438129126,
        11.406616829393844,
        17.270221488837397,
        17.910958748845154,
        5.104281957967861,
        12.661209538663485,
        11.261165047231685,
        8.331617157060954,
        6.797980510005242,
        10.06422757105442,
        19.143645558687787
    ],
    "영업이익률": [
        7.939217592124532,
        9.112743730460195,
        10.218113753371068,
        8.181777614275763,
        11.830692496325764,
        11.774683769652668,
        7.510693774952185,
        8.983491035354312,
        7.805269858900618,
        7.709042966264805,
        6.221321684127197,
        9.657386003879381,
        9.016074139373169,
        6.308872507499936,
        7.671878785419668,
        11.449595315799922,
        7.437371344001835,
        6.8693692325473386,
        8.936716561665378,
        11.913902724663604,
        7.452331629069002,
        10.03281328443527,
        10.569717691972306,
        7.425825263954398,
        10.369298091671158,
        8.20669879631552,
        9.793834983561478,
        9.801178264565369,
        9.21464810444855,
        6.54173862032645,
        11.011814973535428,
        7.9246803898304155,
        7.119111062399125,
        6.2446508493285835,
        9.54535765912945,
        10.065386171053694,
        6.099526973567137,
        9.072558349795685,
        7.358974651187628,
        9.871036742456699,
        7.046198574029948,
        10.145626428614795,
        8.320412077803224,
        11.620379932420407,
        6.8251256648759595
    ],
    "순이익률": [
        6.046398106301551,
        4.680841127443534,
        9.548161709671376,
        9.264036120285887,
        5.547649766290934,
        7.959904276205075,
        8.903333201207296,
        7.331204869596774,
        7.177903470136039,
        5.45111374540271,
        4.558616606835395,
        9.38329454771996,
        9.402508342979983,
        7.798608743639607,
        6.034178746292204,
        6.095257447675966,
        8.355734073221436,
        9.382661559715462,
        9.322518545590704,
        8.679253275145744,
        7.852189876925727,
        4.504839789970293,
        4.969772284567682,
        9.391325131162475,
        7.638574357957539,
        4.055182309699778,
        4.608829257196192,
        7.981010614648335,
        4.030369503077312,
        4.964848308504992,
        7.2924027361995165,
        8.15137118615616,
        7.911767557015603,
        5.3456158567633585,
        8.273075328085216,
        5.4234945249808,
        5.952398188955606,
        8.478948430708144,
        7.8977973942832875,
        9.095340462965067,
        7.94567735380206,
        7.40985162001283,
        4.562048606968554,
        6.206294818356601,
        5.591214206090353
    ],